,artist,title
328,NewJeans,Super Shy
329,정국,Seven (feat. Latto) - Clean Ver.
330,NewJeans,ETA
331,(여자)아이들,퀸카 (Queencard)
332,IVE (아이브),I AM
333,LE SSERAFIM (르세라핌),"이브, 프시케 그리고 푸른 수염의 아내"
334,aespa,Spicy
335,NewJeans,New Jeans
336,LE SSERAFIM (르세라핌),UNFORGIVEN (feat. Nile Rodgers)
337,IVE (아이브),Kitsch
338,NewJeans,Hype boy
339,NewJeans,Ditto
340,세븐틴 (SEVENTEEN),손오공
341,NewJeans,OMG
342,NewJeans,Cool With You
343,지수 (JISOO),꽃
344,NewJeans,Attention
345,IVE (아이브),After LIKE
346,FIFTY FIFTY,Cupid
347,IVE (아이브),LOVE DIVE
348,NCT DREAM,Candy
349,부석순 (SEVENTEEN),파이팅 해야지 (Feat. 이영지)
350,STAYC(스테이씨),Teddy Bear
351,LE SSERAFIM (르세라핌),ANTIFRAGILE
352,NewJeans,ASAP
353,H1-KEY (하이키),건물 사이에 피어난 장미 (Rose Blossom)
354,방탄소년단,Dynamite
355,(여자)아이들,Allergy
356,NCT DREAM,ISTJ
357,방탄소년단,Butter
358,(여자)아이들,Nxde
359,이채연,KNOCK
360,방탄소년단,Permission to Dance
361,ZEROBASEONE (제로베이스원),In Bloom
362,지민,Like Crazy
363,EXO,Cream Soda
364,IVE (아이브),ELEVEN
365,방탄소년단,The Planet
366,오마이걸 (OH MY GIRL),여름이 들려 (Summer Comes)
367,NMIXX,Love Me Like This
368,LE SSERAFIM (르세라핌),FEARLESS
369,비투비,나의 바람 (Wind And Wish)
370,NewJeans,Cookie
371,IVE (아이브),I WANT
372,권은비,Underwater
373,태연 (TAEYEON),Weekend
374,싸이 (PSY),That That (prod. & feat. SUGA of BTS)
375,NMIXX,Roller Coaster
376,태양,VIBE (feat. Jimin of BTS)
377,브레이브걸스,롤린 (Rollin')
378,거북이,비행기
379,오마이걸 (OH MY GIRL),Dun Dun Dance
380,aespa,Salty Sweet
381,소유 (SOYOU),ALOHA (Feat. 보라)
382,aespa,Next Level
383,태연 (TAEYEON),INVU
384,나연 (TWICE),POP!
385,세븐틴 (SEVENTEEN),아주 NICE
386,Red Velvet (레드벨벳),Feel My Rhythm
387,BLACKPINK,마지막처럼
388,아이유,Celebrity
389,TWICE (트와이스),Dance The Night Away
390,NMIXX,Party O'Clock
391,BLACKPINK,Forever Young
392,YENA (최예나),SMILEY (Feat. BIBI)
393,aespa,도깨비불 (Illusion)
394,투모로우바이투게더,Sugar Rush Ride
395,STAYC(스테이씨),Poppy (Korean Ver.)
396,소녀시대 (GIRLS' GENERATION),FOREVER 1
397,"싹쓰리 (유두래곤, 린다G, 비룡)",다시 여기 바닷가
398,씨스타,SHAKE IT
399,효린,BLUE MOON (Prod. GroovyRoom)
400,셔누X형원 (몬스타엑스),Love Me A Little
401,씨스타,Touch My Body
402,오마이걸 (OH MY GIRL),살짝 설렜어 (Nonstop)
403,Red Velvet (레드벨벳),빨간 맛 (Red Flavor)
404,(여자)아이들,덤디덤디 (DUMDi DUMDi)
405,ITZY (있지),SNEAKERS
406,아이유,라일락
407,BLACKPINK,Lovesick Girls
408,STAYC(스테이씨),ASAP
409,카라,WHEN I MOVE
410,효린,이게 사랑이지 뭐야 (feat. Paul Blanco)
412,aespa,Savage
413,방탄소년단,작은 것들을 위한 시 (Boy With Luv) (Feat. Halsey)
414,TWICE (트와이스),Alcohol-Free
415,aespa,Girls
416,EXO,LOVE ME RIGHT
417,씨스타,Loving U (러빙유)
418,라붐 (LABOUM),상상더하기
419,유엔,파도
420,WINNER,REALLY REALLY
421,거북이,빙고 (아싸)
422,TWICE (트와이스),CHEER UP
423,NMIXX,"Young, Dumb, Stupid"
424,인디고,여름아! 부탁해
425,BLACKPINK,불장난
426,BLACKPINK,How You Like That
428,NMIXX,DICE
429,ENHYPEN,Bite Me
430,IZ*ONE (아이즈원),FIESTA
431,보아 (BoA),아틀란티스 소녀 (Atlantis Princess)
432,프로미스나인,DM
433,SHINee (샤이니),View
434,헤이즈 (Heize),빙글빙글 (Prod. R.Tee)
435,청하,Roller Coaster
436,소녀시대 (GIRLS' GENERATION),PARTY
437,투모로우바이투게더,Do It Like That
438,프로미스나인,WE GO
439,2NE1,I Don't Care
440,쿨 (COOL),해변의 여인
441,코요태,순정 (純情)
442,오마이걸 (OH MY GIRL),BUNGEE (Fall in Love)
444,세븐틴 (SEVENTEEN),예쁘다
445,프로미스나인,Stay This Way
446,브레이브걸스,운전만해 (We Ride)
447,보아 (BoA),No.1
448,STAYC(스테이씨),RUN2U
449,WINNER,I LOVE U
450,EXO,으르렁 (Growl)
451,코요태,실연
452,IZ*ONE (아이즈원),Panorama
453,싸이 (PSY),연예인
454,프로미스나인,menow
455,ITZY (있지),WANNABE
456,브레이브걸스,치맛바람 (Chi Mat Ba Ram)
458,Red Velvet (레드벨벳),Power Up
459,소녀시대 (GIRLS' GENERATION),다시 만난 세계 (Into The New World)
460,aespa,Dreams Come True
461,태연 (TAEYEON),Why
462,TWICE (트와이스),Talk that Talk
463,세븐틴 (SEVENTEEN),Rock with you
464,(여자)아이들,LATATA
465,블락비 (Block B),HER
466,WINNER,ISLAND
467,조유리,러브 쉿!
468,소녀시대 (GIRLS' GENERATION),Gee
469,티아라,TTL (Time To Love)
470,쿨 (COOL),이여름  Summer
471,선미,열이올라요 (Heart Burn)
472,Wanna One (워너원),에너제틱 (Energetic)
473,카라,STEP
474,ITZY (있지),달라달라
475,엄정화,Poison
476,아이유,좋은 날
477,청하,Sparkling
478,2NE1,Go Away
479,BLACKPINK,Don't Know What To Do
480,AOA,심쿵해 (Heart Attack)
481,Red Velvet (레드벨벳),Queendom
482,씨스타,I Swear
483,오마이걸 (OH MY GIRL),비밀정원
484,Red Velvet (레드벨벳),Psycho
485,여자친구 (GFRIEND),여름여름해 (Sunny Summer)
486,세븐틴 (SEVENTEEN),어쩌나
487,이효리,U-Go-Girl (With 낯선)
488,전소미,DUMB DUMB
489,f(x),Hot Summer
490,여자친구 (GFRIEND),오늘부터 우리는 (Me Gustas Tu)
491,청하,Why Don't You Know (Feat. 넉살)
492,ITZY (있지),ICY
493,박명수,바다의 왕자
494,NCT DREAM,고래 (Dive Into You)
495,여자친구 (GFRIEND),시간을 달려서 (Rough)
496,GOT the beat,Step Back
497,걸스데이,Darling
498,다비치,8282
499,KISS OF LIFE,쉿 (Shhh)
500,EXO-K,중독 (Overdose)
501,BIGBANG (빅뱅),FANTASTIC BABY
502,코요태,파란
503,2NE1,내가 제일 잘 나가
505,aespa,Black Mamba
506,Apink (에이핑크),Remember
507,원더걸스,So Hot
508,김건모,잘못된 만남
509,세븐틴 (SEVENTEEN),Darling
510,TWICE (트와이스),FANCY
511,세븐틴 (SEVENTEEN),울고 싶지 않아
512,세븐틴 (SEVENTEEN),박수
513,현아,Bubble Pop!
514,코요태,바람
515,김현정,그녀와의 이별
516,마이티 마우스,랄랄라 (Feat. 소야)
517,코요태,Storm
518,브라운아이드걸스,Abracadabra
520,원더걸스,Tell me (Sampling From 'Two Of Hearts')
521,티아라,Roly-Poly
522,EXO,Love Shot
523,카이 (KAI),Rover
524,박봄 (Park Bom),YOU AND I
525,아이유,하루 끝 KaraOOh
526,부석순 (SEVENTEEN),거침없이
527,세븐틴 (SEVENTEEN),Left Righth 
528,투투,일과 이분의 일
529,카라,Pretty Girl
530,비투비,기도 (I'll Be Your Man)
531,여자친구 (GFRIEND),너 그리고 나 (NAVILLERA)
532,박진영,When We Disco (Duet with 선미)
533,디바,왜불러
534,아이유,너랑 나
535,NCT DREAM,Beatbox
536,싸이 (PSY),나팔바지
537,STAYC(스테이씨),BEAUTIFUL MONSTER
538,화사 (Hwa Sa),마리아 (Maria)
539,2NE1,Fire
540,TWICE (트와이스),SET ME FREE
541,TWICE (트와이스),What is Love?
542,ITZY (있지),Cheshire
543,씨야,여성시대
544,마마무 (Mamamoo),별이 빛나는 밤
545,NMIXX,O.O
546,에일리(Ailee),보여줄게
547,싸이 (PSY),New Face
548,코요태,만남
549,인피니트,Man In Love (남자가 사랑할때)
550,Red Velvet (레드벨벳),러시안 룰렛 (Russian Roulette)
551,BIGBANG (빅뱅),BLUE
552,청하,Love U
553,G-DRAGON,Heartbreaker
554,미쓰에이,Bad Girl Good Girl
555,씨스타19,Ma Boy (마보이)
556,마마무 (Mamamoo),Decalcomanie (데칼코마니)
557,TWICE (트와이스),OOH-AHH하게
558,모모랜드 (MOMOLAND),뿜뿜
559,ATEEZ (에이티즈),WAVE
560,마마무 (Mamamoo),HIP
561,미주 (MIJOO),Movie Star
562,씨스타,So Cool (쏘쿨)
563,다비치,사랑과 전쟁 (Narr. 하하)
564,"싹쓰리 (유두래곤, 린다G, 비룡)",여름 안에서 by 싹쓰리 (Feat. 황광희)
565,NCT 127,Ay-Yo
566,이정현,와
567,TWICE (트와이스),YES or YES
569,이효리,10 Minutes
570,쿨 (COOL),운명
571,청하,벌써 12시
572,Apink (에이핑크),Mr. Chu (On Stage)
573,Stray Kids (스트레이 키즈),Back Door
574,효린,바다보러갈래 (SEE SEA)
575,투모로우바이투게더,9와 4분의 3 승강장에서 너를 기다려 (Run Away)
576,BOYNEXTDOOR,One and Only
577,Apink (에이핑크),NoNoNo
578,FIFTY FIFTY,Higher
579,영턱스클럽,정 (위험한 이별)
580,산다라박,FESTIVAL
581,화사 (Hwa Sa),멍청이(twit)
582,인피니트,내꺼하자
584,소녀시대 (GIRLS' GENERATION),Lion Heart
585,Red Velvet (레드벨벳),피카부 (Peek-A-Boo)
586,H.O.T.,행복
587,tripleS (트리플에스),Rising
588,Stray Kids (스트레이 키즈),소리꾼
589,블락비 (Block B),YESTERDAY
590,2NE1,UGLY
591,마마무 (Mamamoo),음오아예 (Um Oh Ah Yeh)
592,Apink (에이핑크),D N D
593,방탄소년단,불타오르네 (FIRE)
594,세븐틴 (SEVENTEEN),아낀다
595,더보이즈 (THE BOYZ),THRILL RIDE
596,아이유,스물셋
597,세븐틴 (SEVENTEEN),Home
598,엄정화,D.I.S.C.O  (Feat. TOP)
599,NCT DREAM,버퍼링 (Glitch Mode)
600,소녀시대 (GIRLS' GENERATION),Holiday
601,몬스타엑스,Beautiful Liar
602,여자친구 (GFRIEND),밤 (Time for the moon night)
603,EXO,CALL ME BABY
604,볼빨간사춘기,아틀란티스 소녀 (Atlantis Princess)
605,비스트,Fiction
606,클론,꿍따리 샤바라
607,싸이 (PSY),GENTLEMAN
608,오렌지 캬라멜,까탈레나 (Catallena)
609,B1A4,이게 무슨 일이야
610,쥬얼리,니가 참 좋아
611,선미,가시나
612,WINNER,LOVE ME LOVE ME
613,소녀시대 (GIRLS' GENERATION),소원을 말해봐 (Genie)
614,IZ*ONE (아이즈원),라비앙로즈 (La Vie en Rose)
615,TWICE (트와이스),Feel Special
616,(여자)아이들,한(一)
617,2PM,우리집
618,DJ DOC,여름 이야기
619,씨스타,Give It To Me
620,비투비,MOVIE
621,Apink (에이핑크),1도 없어
622,Red Velvet (레드벨벳),음파음파 (Umpah Umpah)
623,Kep1er (케플러),WA DA DA
624,세븐틴 (SEVENTEEN),만세
625,AOA,빙글뱅글 (Bingle Bangle)
626,원더걸스,Nobody
627,루머스,Storm
628,오마이걸 (OH MY GIRL),내 얘길 들어봐 (A-ing) (Feat. 스컬&하하)
629,EXID,위아래
630,TWICE (트와이스),LIKEY
631,WINNER,MILLIONS
632,f(x),첫 사랑니 (Rum Pum Pum Pum)
633,소찬휘,Tears
634,EXO,Ko Ko Bop
635,Red Velvet (레드벨벳),Ice Cream Cake
636,NCT DREAM,We Young
637,에일리(Ailee),U and I
638,STAYC(스테이씨),색안경 (STEREOTYPE)
639,카라,루팡 (Lupin)
640,Red Velvet (레드벨벳),Birthday
641,세븐틴 (SEVENTEEN),고맙다
642,세븐틴 (SEVENTEEN),My My
643,SHINee (샤이니),누난 너무 예뻐 (Replay)
644,여자친구 (GFRIEND),귀를 기울이면 (LOVE WHISPER)
645,TWICE (트와이스),TT
646,임창정,나는 트로트가 싫어요
647,소녀시대 (GIRLS' GENERATION),I Got A Boy
648,동방신기 (TVXQ!),주문-MIROTIC (Original Ver.)
649,Apink (에이핑크),FIVE
650,애프터스쿨,Diva
651,씨야,원더우먼
652,오마이걸 (OH MY GIRL),다섯 번째 계절 (SSFWL)
653,aespa,Life′s Too Short (English Ver.)
654,선미,보라빛 밤 (pporappippam)
655,BLACKPINK,Ready For Love
656,엄정화,배반의 장미
657,오마이걸 (OH MY GIRL),불꽃놀이 (Remember Me)
